Workbook

Sheet Gas phase thermochem.
K3: 900 K | O3: DRM | P3: rWGS
K4: Species | L4: ∆Hf0 (kJ/mol) | M4: ∆Gf0 (kJ/mol) | O4: ∆Hrxn (kJ/mol)
K5: CH4 (g) | L5: =C23 -> -88.692 | M5: =D23 -> 8.616 | O5: =2*(L7+L9)-(L5+L6) -> 260.261 | P5: =(L9+L8)-(L7+L6) -> 35.802
K6: CO2 (g) | L6: =C24 -> -394.405 | M6: =D24 -> -395.748 | O6: ∆Grxn (kJ/mol)
K7: H2 (g) | L7: =C25 -> 0 | M7: =D25 -> 0 | O7: =2*(M7+M9)-(M5+M6) -> 4.3 | P7: =(M9+M8)-(M6+M7) -> 6.249
K8: H2O(g) | L8: =C26 -> -247.185 | M8: =D26 -> -198.083 | O8: ∆Srxn (kJ/molK)
K9: CO(g) | L9: =C27 -> -111.418 | M9: =D27 -> -191.416 | O9: =(O5-O7)/$C$21 -> 0.28440111 | P9: =(P5-P7)/$C$21 -> 0.032836667
G11: Target Temperature | H11: T | I11: ='Original params'!I3 -> 973.15
K12: 1000 K | O12: DRM | P12: rWGS
K13: Species | L13: ∆Hf0 (kJ/mol) | M13: ∆Gf0 (kJ/mol) | O13: ∆Hrxn (kJ/mol) | Q13: in eV
K14: CH4 (g) | L14: =F23 -> -89.849 | M14: =G23 -> 19.492 | O14: =2*(F25+F27)-(F23+F24) -> 260.509 | P14: =(L18+L17)-(L15+L16) -> 34.78 | Q14: =O14/'Initial Krxn_calc'!$G$7 -> 2.6998549 | R14: =P14/'Initial Krxn_calc'!$G$7 -> 0.36045186
K15: CO2 (g) | L15: =F24 -> -394.62 | M15: =G24 -> -395.89 | O15: ∆Grxn (kJ/mol)
K16: H2 (g) | L16: =F25 -> 0 | M16: =G25 -> 0 | O16: =2*(G25+G27)-(G23+G24) -> -24.162 | P16: =(M18+M17)-(M16+M15) -> 3.02
K17: H2O(g) | L17: =F26 -> -247.86 | M17: =G26 -> -192.59 | O17: ∆Srxn (kJ/molK)
K18: CO(g) | L18: =F27 -> -111.98 | M18: =G27 -> -200.28 | O18: =(O14-O16)/$F$21 -> 0.284671 | P18: =(P14-P16)/$F$21 -> 0.03176
B21: T (K) | C21: 900 | F21: 1000 | K21: 973.15 | O21: DRM | P21: rWGS
C22: ∆Hf0 (kJ/mol) | D22: ∆Gf0 (kJ/mol) | F22: ∆Hf0 (kJ/mol) | G22: ∆Gf0 (kJ/mol) | K22: Species | L22: ∆Hf0 (kJ/mol) | M22: ∆Gf0 (kJ/mol) | O22: ∆Hrxn (kJ/mol) | Q22: in eV
B23: CH4 (g) | C23: -88.692 | D23: 8.616 | F23: -89.849 | G23: 19.492 | K23: CH4 (g) | L23: =C23+(((I11-C21)/(F21-C21))*(F23-C23)) -> -89.538346 | M23: =D23+((($I$11-$C$21)/($F$21-$C$21))*(G23-D23)) -> 16.571794 | O23: =2*(L27+L25)-(L23+L24) -> 260.44241 | P23: =(L26+L27)-(L24+L25) -> 35.054407 | Q23: =O23/'Initial Krxn_calc'!$G$7 -> 2.6991648 | R23: =P23/'Initial Krxn_calc'!$G$7 -> 0.36329575
B24: CO2 (g) | C24: -394.405 | D24: -395.748 | F24: -394.62 | G24: -395.89 | K24: CO2 (g) | L24: =C24+((($I$11-$C$21)/($F$21-$C$21))*(F24-C24)) -> -394.56227 | M24: =D24+((($I$11-$C$21)/($F$21-$C$21))*(G24-D24)) -> -395.85187 | O24: ∆Grxn (kJ/mol)
B25: H2 (g) | C25: 0 | D25: 0 | F25: 0 | G25: 0 | K25: H2 (g) | L25: =C25+((($I$11-$C$21)/($F$21-$C$21))*(F25-C25)) -> 0 | M25: =D25+((($I$11-$C$21)/($F$21-$C$21))*(G25-D25)) -> 0 | O25: =2*(M25+M27)-(M24+M23) -> -16.519953 | P25: =(M26+M27)-(M25+M24) -> 3.8869865
B26: H2O(g) | C26: -247.185 | D26: -198.083 | F26: -247.86 | G26: -192.59 | K26: H2O(g) | L26: =C26+((($I$11-$C$21)/($F$21-$C$21))*(F26-C26)) -> -247.67876 | M26: =D26+((($I$11-$C$21)/($F$21-$C$21))*(G26-D26)) -> -194.06487 | O26: ∆Srxn (kJ/molK)
B27: CO(g) | C27: -111.418 | D27: -191.416 | F27: -111.98 | G27: -200.28 | K27: CO(g) | L27: =C27+((($I$11-$C$21)/($F$21-$C$21))*(F27-C27)) -> -111.8291 | M27: =D27+((($I$11-$C$21)/($F$21-$C$21))*(G27-D27)) -> -197.90002 | O27: =(O23-O25)/$I$11 -> 0.28460398 | P27: =(P23-P25)/$I$11 -> 0.032027355
N28: in J/mol.K | O28: =O27*1000 -> 284.60398 | P28: =P27*1000 -> 32.027355

Sheet Original params
H1: Constants
H2: kB.T/h | I2: =(L2*I3)/L3 -> 2.0267839e+13 | J2: (1/s) | K2: kB | L2: =1.38*10^-23 -> 1.38e-23 | M2: J/K
H3: T | I3: 973.15 | J3: K | K3: h | L3: =6.626*10^-34 -> 6.626e-34 | M3: J.s
H4: R | I4: =(8.314*0.01036/1000) -> 8.613304e-05 | J4: eV/K | K4: eV to kJ/mol | L4: 96.49
H5: Tref for prefactors (Ref. 10) | I5: 698.15 | J5: K
C8: rate index | D8: Rxn # | E8: Rxn | F8: ∆Hf,Ri (eV) | G8: ∆Hr,Ri (eV) | H8: Af,Ri (s-1) | I8: Af,Ri /Ar,Ri | J8: Ar,Ri (s-1) | K8: kf,Ri (1/s) | L8: kr,Ri (1/s) | M8: Keq | N8: ∆Grxn,Ri (eV) | O8: ∆Hrxn,Ri (eV) | P8: ∆Srxn,Ri (kJ/mol.K) | Q8: in J/mol.K
C9: 0 | D9: R1 | E9: CH4(g) + * -> CH4* | F9: 0 | G9: 0.02 | H9: =2.49*10^3*(I3/I5)*10^5 -> 3.4708064e+08 | I9: =1.33*10^(-6) -> 1.33e-06 | J9: =H9/I9 -> 2.6096289e+14 | K9: =H9*EXP(-F9/($I$4*$I$3)) -> 3.4708064e+08 | L9: =J9*EXP(-G9/($I$4*$I$3)) -> 2.0556714e+14 | M9: =K9/L9 -> 1.6884052e-06 | N9: =($I$4*$I$3*(-1))*LN(M9) -> 1.1141174 | O9: =F9-G9 -> -0.02 | P9: =(O9-N9)*$L$4/$I$3 -> -0.11245028 | Q9: =P9*1000 -> -112.45028
C10: 2 | D10: R2 | E10: CH4* + * -> CH3* + H* | F10: 0.98 | G10: =F10-0.06 -> 0.92 | H10: =4.84*10^(11)*(I3/I5) -> 6.7464671e+11 | I10: 0.0111 | J10: =H10/I10 -> 6.0778983e+13 | K10: =H10*EXP(-F10/($I$4*$I$3)) -> 5642207.6 | L10: =J10*EXP(-G10/($I$4*$I$3)) -> 1.0399231e+09 | M10: =K10/L10 -> 0.0054256008 | N10: =($I$4*$I$3*(-1))*LN(M10) -> 0.43725956 | O10: =F10-G10 -> 0.06 | P10: =(O10-N10)*$L$4/$I$3 -> -0.03740613 | Q10: =P10*1000 -> -37.40613
C11: 4 | D11: R3 | E11: CH3* + * -> CH2* + H* | F11: 0.77 | G11: =F11-0.45 -> 0.32 | H11: =9.03*10^12*(I3/I5) -> 1.25869e+13 | I11: 0.808 | J11: =H11/I11 -> 1.5577847e+13 | K11: =H11*EXP(-F11/($I$4*$I$3)) -> 1.2893014e+09 | L11: =J11*EXP(-G11/($I$4*$I$3)) -> 3.4237864e+11 | M11: =K11/L11 -> 0.0037657179 | N11: =($I$4*$I$3*(-1))*LN(M11) -> 0.46786993 | O11: =F11-G11 -> 0.45 | P11: =(O11-N11)*$L$4/$I$3 -> -0.001771844 | Q11: =P11*1000 -> -1.771844
C12: 6 | D12: R4 | E12: CH2* + * -> CH* + H* | F12: 0.52 | G12: =F12-(-0.14) -> 0.66 | H12: =4.79*10^(12)*(I3/I5) -> 6.6767722e+12 | I12: 0.289 | J12: =H12/I12 -> 2.3103018e+13 | K12: =H12*EXP(-F12/($I$4*$I$3)) -> 1.3499426e+10 | L12: =J12*EXP(-G12/($I$4*$I$3)) -> 8.791078e+09 | M12: =K12/L12 -> 1.5355826 | N12: =($I$4*$I$3*(-1))*LN(M12) -> -0.035951381 | O12: =F12-G12 -> -0.14 | P12: =(O12-N12)*$L$4/$I$3 -> -0.010316653 | Q12: =P12*1000 -> -10.316653
C13: 8 | D13: R5 | E13: CH* + * -> C* + H* | F13: 0.7 | G13: =F13-(-0.14) -> 0.84 | H13: =1.07*10^13*(I3/I5) -> 1.491471e+13 | I13: 1.1 | J13: =H13/I13 -> 1.3558828e+13 | K13: =H13*EXP(-F13/($I$4*$I$3)) -> 3.5215848e+09 | L13: =J13*EXP(-G13/($I$4*$I$3)) -> 6.0251814e+08 | M13: =K13/L13 -> 5.844778 | N13: =($I$4*$I$3*(-1))*LN(M13) -> -0.14798893 | O13: =F13-G13 -> -0.14 | P13: =(O13-N13)*$L$4/$I$3 -> 0.00079212072 | Q13: =P13*1000 -> 0.79212072
C14: 10 | D14: R6 | E14: 2H* -> H2(g) + 2* | F14: 0.77 | G14: 0 | H14: =I14*J14 -> 2.1365747e+13 | I14: =EXP(0.102/(L4*I4)) -> 213827.58 | J14: =4.93*10^(-6)*I2 -> 99920445 | K14: =H14*EXP(-F14/($I$4*$I$3)) -> 2.1885362e+09 | L14: =J14*EXP(-G14/($I$4*$I$3)) -> 99920445 | M14: =K14/L14 -> 21.902787 | N14: =($I$4*$I$3*(-1))*LN(M14) -> -0.25872111 | O14: =F14-G14 -> 0.77 | P14: =(O14-N14)*$L$4/$I$3 -> 0.102 | Q14: =P14*1000 -> 102
C15: 12 | D15: R7 | E15: CH* + O* -> CHO* | F15: 1.53 | G15: 1.08 | H15: =1.08*10^13*(I3/I5) -> 1.50541e+13 | I15: 2.26 | J15: =H15/I15 -> 6.6611062e+12 | K15: =H15*EXP(-F15/($I$4*$I$3)) -> 177966.65 | L15: =J15*EXP(-G15/($I$4*$I$3)) -> 16896384 | M15: =K15/L15 -> 0.010532825 | N15: =($I$4*$I$3*(-1))*LN(M15) -> 0.38165582 | O15: =F15-G15 -> 0.45 | P15: =(O15-N15)*$L$4/$I$3 -> 0.0067764782 | Q15: =P15*1000 -> 6.7764782
C16: 14 | D16: R8 | E16: CHO* + * -> CO* + H* | F16: 0.2 | G16: 1.48 | H16: =1.82*10^13*(I3/I5) -> 2.5368947e+13 | I16: =1.57 -> 1.57 | J16: =H16/I16 -> 1.6158565e+13 | K16: =H16*EXP(-F16/($I$4*$I$3)) -> 2.3337372e+12 | L16: =J16*EXP(-G16/($I$4*$I$3)) -> 346856.02 | M16: =K16/L16 -> 6728259.3 | N16: =($I$4*$I$3*(-1))*LN(M16) -> -1.3178093 | O16: =F16-G16 -> -1.28 | P16: =(O16-N16)*$L$4/$I$3 -> 0.0037488791 | Q16: =P16*1000 -> 3.7488791
C17: 16 | D17: R9 | E17: C* + O* -> CO* + * | F17: 1.11 | G17: =1.11+0.24 -> 1.35 | H17: =9.46*10^12*(I3/I5) -> 1.3186277e+13 | I17: 9 | J17: =H17/I17 -> 1.4651418e+12 | K17: =H17*EXP(-F17/($I$4*$I$3)) -> 23384712 | L17: =J17*EXP(-G17/($I$4*$I$3)) -> 148316.32 | M17: =K17/L17 -> 157.66783 | N17: =($I$4*$I$3*(-1))*LN(M17) -> -0.42417217 | O17: =F17-G17 -> -0.24 | P17: =(O17-N17)*$L$4/$I$3 -> 0.018261083 | Q17: =P17*1000 -> 18.261083
C18: 18 | D18: R10 | E18: CO* -> CO + * | F18: 0.71 | G18: 0 | H18: =I18*J18 -> 3.255315e+19 | I18: =1/(8.05*10^(-8)) -> 12422360 | J18: =1.88*10^7*(I3/I5)*10^5 -> 2.6205285e+12 | K18: =H18*EXP(-F18/(I4*I3)) -> 6.8218759e+15 | L18: =J18*EXP(-G18/(I4*I3)) -> 2.6205285e+12 | M18: =K18/L18 -> 2603.2443 | N18: =($I$4*$I$3*(-1))*LN(M18) -> -0.65920643 | O18: =F18-G18 -> 0.71 | P18: =(O18-N18)*$L$4/$I$3 -> 0.13575988 | Q18: =P18*1000 -> 135.75988
C19: 20 | D19: R11 | E19: OV + * -> O* + v | F19: 1.38 | G19: 1.41 | H19: =1.27*10^13*(I3/I5) -> 1.7702507e+13 | I19: =5.12/1000000 -> 5.12e-06 | J19: =H19/I19 -> 3.4575208e+18 | K19: =H19*EXP(-F19/($I$4*$I$3)) -> 1252871.3 | L19: =J19*EXP(-G19/($I$4*$I$3)) -> 1.7107988e+11 | M19: =K19/L19 -> 7.3233119e-06 | N19: =($I$4*$I$3*(-1))*LN(M19) -> 0.99112957 | O19: =F19-G19 -> -0.03 | P19: =(O19-N19)*$L$4/$I$3 -> -0.10124728 | Q19: =P19*1000 -> -101.24728
C20: 22 | D20: R12 | E20: CO2(g)+ v -> CO2v | F20: 4.8843409e-08 | G20: 0.02 | H20: =H9 -> 3.4708064e+08 | I20: =I9 -> 1.33e-06 | J20: =H20/I20 -> 2.6096289e+14 | K20: =H20*EXP(-F20/($I$4*$I$3)) -> 3.4708044e+08 | L20: =J20*EXP(-G20/($I$4*$I$3)) -> 2.0556714e+14 | M20: =K20/L20 -> 1.6884042e-06 | N20: =($I$4*$I$3*(-1))*LN(M20) -> 1.1141174 | O20: =F20-G20 -> -0.019999951 | P20: =(O20-N20)*$L$4/$I$3 -> -0.11245028 | Q20: =P20*1000 -> -112.45028
C21: 24 | D21: R13 | E21: Co2v -> co + Ov | F21: 1.74 | G21: 0.78 | H21: =1.44*I2 -> 2.9185688e+13 | I21: =H21/J21 -> 1.3211009 | J21: =1.09*I2 -> 2.2091944e+13 | K21: =H21*EXP(-F21/($I$4*$I$3)) -> 28170.254 | L21: =J21*EXP(-G21/($I$4*$I$3)) -> 2.0084317e+09 | M21: =K21/L21 -> 1.4025995e-05 | N21: =($I$4*$I$3*(-1))*LN(M21) -> 0.93665893 | O21: =F21-G21 -> 0.96 | P21: =(O21-N21)*$L$4/$I$3 -> 0.0023143197 | Q21: =P21*1000 -> 2.3143197
C22: 26 | D22: R14 | E22: co2(g) + ov -> co3v | F22: 0.18 | G22: 0.52 | H22: =I2*0.0161691120688669 -> 3.2771296e+11 | I22: =H22/J22 -> 0.025439243 | J22: =I2*0.635597205210895 -> 1.2882182e+13 | K22: =H22*EXP(-F22/($I$4*$I$3)) -> 3.8270856e+10 | L22: =J22*EXP(-G22/($I$4*$I$3)) -> 2.6045828e+10 | M22: =K22/L22 -> 1.4693661 | N22: =($I$4*$I$3*(-1))*LN(M22) -> -0.032256681 | O22: =F22-G22 -> -0.34 | P22: =(O22-N22)*$L$4/$I$3 -> -0.030513439 | Q22: =P22*1000 -> -30.513439
C23: 28 | D23: R15 | E23: co3v + * -> co2v + O* | F23: =F19+0.4 -> 1.78 | G23: =F23-1.047 -> 0.733 | H23: =I2 -> 2.0267839e+13 | I23: =1000 -> 1000 | J23: =H23/I23 -> 2.0267839e+10 | K23: =H23*EXP(-F23/($I$4*$I$3)) -> 12138.868 | L23: =J23*EXP(-G23/($I$4*$I$3)) -> 3228118.3 | M23: =K23/L23 -> 0.0037603541 | N23: =($I$4*$I$3*(-1))*LN(M23) -> 0.46798941 | O23: =F23-G23 -> 1.047 | P23: =(O23-N23)*$L$4/$I$3 -> 0.057410195 | Q23: =P23*1000 -> 57.410195
C24: 30 | D24: R16 | E24: H* + Ov -> OHV + * | F24: 1.24 | G24: 2.43 | H24: =0.894*I2 -> 1.8119448e+13 | I24: 0.526 | J24: =H24/I24 -> 3.444762e+13 | K24: =H24*EXP(-F24/($I$4*$I$3)) -> 6813840.9 | L24: =J24*EXP(-G24/($I$4*$I$3)) -> 8.8453678 | M24: =K24/L24 -> 770328.73 | N24: =($I$4*$I$3*(-1))*LN(M24) -> -1.1361493 | O24: =F24-G24 -> -1.19 | P24: =(O24-N24)*$L$4/$I$3 -> -0.005339421 | Q24: =P24*1000 -> -5.339421
C25: 32 | D25: R17 | E25: OHv + H* -> H2O(g) + v + * | F25: 2.2657832 | G25: 2.0193344 | H25: =7.945*I2 -> 1.6102798e+14 | I25: =H25/J25 -> 9.059293 | J25: =0.877*I2 -> 1.7774895e+13 | K25: =H25*EXP(-F25/($I$4*$I$3)) -> 293.29649 | L25: =J25*EXP(-G25/($I$4*$I$3)) -> 612.5277 | M25: =K25/L25 -> 0.47882976 | N25: =($I$4*$I$3*(-1))*LN(M25) -> 0.06172617 | O25: =F25-G25 -> 0.24644875 | P25: =(O25-N25)*$L$4/$I$3 -> 0.018315657 | Q25: =P25*1000 -> 18.315657
E28: https://doi.org/10.1021/acs.jpcc.4c02579 | F28: Ni10/CeO2
E29: James Dumesic Book
E30: https://doi.org/10.1021/jacs.7b08984 | F30: Ni-Al2O3
E31: https://doi.org/10.1021/jp806527q | F31: Ni(111) 2009
E32: DFT | F32: Ni4-CeO2
F33: Ni-SDCeO2
E34: DFT assisted MKM | F34: Ni(111) 2015
E35: https://doi.org/10.1039/D4CP01324G
E36: https://pubs.acs.org/doi/full/10.1021/acsaem.3c01437?casa_token=hwyagtoDoVoAAAAA%3A3ckurEfC_nEuLj0KzTBf2_Vw6v9Ho73fwKrqmGxgwXxdXbsPhPwQe5sEWn8nK0QozYhD9P82QR2Ahg
E37: https://chemistry-europe.onlinelibrary.wiley.com/doi/full/10.1002/cssc.202400681

Sheet Initial Krxn_calc
J1: Net thermodynamic properties for DRM/rWGS based on NIST
F2: Constants | K2: Keq (net) | L2: ∆Grxn (kJ/mol) | M2: ∆Hrxn (kJ/mol) | N2: ∆Srxn (J/mol.K)
F3: R | G3: ='Original params'!I4 -> 8.613304e-05 | H3: eV/K | J3: DRM | K3: =EXP((-L3)/((G3*G7*G4))) -> 7.7103991 | L3: =M3-(G4*N3/1000) -> -16.519953 | M3: ='Gas phase thermochem.'!O23 -> 260.44241 | N3: ='Gas phase thermochem.'!O28 -> 284.60398
F4: T | G4: ='Original params'!I3 -> 973.15 | H4: K | J4: rWGS | K4: =EXP((-L4)/((G3*G7*G4))) -> 0.61841401 | L4: =M4-(G4*N4/1000) -> 3.8869865 | M4: ='Gas phase thermochem.'!P23 -> 35.054407 | N4: ='Gas phase thermochem.'!P28 -> 32.027355
F5: KB | G5: ='Original params'!L2 -> 1.38e-23 | H5: J/molK
F6: h | G6: ='Original params'!L3 -> 6.626e-34 | H6: Js
F7: 1eV = | G7: ='Original params'!L4 -> 96.49 | H7: kJ/mol
C9: rate index | D9: Rxn # | E9: Rxn | F9: D1 | G9: D2 | H9: W1 | I9: W2 | J9: Keq | K9: ∆Hrxn,Ri (kJ/mol) | L9: ∆Srxn,Ri (J/mol.K) | M9: ∆Grxn,Ri (kJ/mol)
C10: ='Original params'!C9 -> 0 | D10: R1 | E10: CH4(g) + * -> CH4* | F10: 1 | G10: 1 | J10: ='Original params'!M9 -> 1.6884052e-06 | K10: ='Original params'!O9*$G$7 -> -1.9298 | L10: ='Original params'!P9*1000 -> -112.45028 | M10: ='Original params'!N9*$G$7 -> 107.50119
C11: ='Original params'!C10 -> 2 | D11: R2 | E11: CH4* + * -> CH3* + H* | F11: 1 | G11: 1 | J11: ='Original params'!M10 -> 0.0054256008 | K11: ='Original params'!O10*$G$7 -> 5.7894 | L11: ='Original params'!P10*1000 -> -37.40613 | M11: ='Original params'!N10*$G$7 -> 42.191175
C12: ='Original params'!C11 -> 4 | D12: R3 | E12: CH3* + * -> CH2* + H* | F12: 1 | G12: 1 | J12: ='Original params'!M11 -> 0.0037657179 | K12: ='Original params'!O11*$G$7 -> 43.4205 | L12: ='Original params'!P11*1000 -> -1.771844 | M12: ='Original params'!N11*$G$7 -> 45.14477 | P12: Keq | Q12: ∆Hrxn (kJ/mol) | R12: ∆Srxn (J/mol.K) | S12: T∆Srxn (kJ/mol)
C13: ='Original params'!C12 -> 6 | D13: R4 | E13: CH2* + * -> CH* + H* | F13: 1 | G13: 1 | J13: ='Original params'!M12 -> 1.5355826 | K13: ='Original params'!O12*$G$7 -> -13.5086 | L13: ='Original params'!P12*1000 -> -10.316653 | M13: ='Original params'!N12*$G$7 -> -3.4689487 | O13: R11+R12 | P13: =J20*J21 -> 1.2364711e-11 | Q13: =SUM(K20:K21) -> -4.8244953 | R13: =SUM(L20:L21) -> -213.69756 | S13: =R13*$G$4/1000 -> -207.95978
C14: ='Original params'!C13 -> 8 | D14: R5 | E14: CH* + * -> C* + H* | F14: 1 | J14: ='Original params'!M13 -> 5.844778 | K14: ='Original params'!O13*$G$7 -> -13.5086 | L14: ='Original params'!P13*1000 -> 0.79212072 | M14: ='Original params'!N13*$G$7 -> -14.279452 | O14: R14+R15 | P14: =J23*J24 -> 0.0055253367 | Q14: =SUM(K23:K24) -> 68.21843 | R14: =SUM(L23:L24) -> 26.896757 | S14: =R14*$G$4/1000 -> 26.174579
C15: ='Original params'!C14 -> 10 | D15: R6 | E15: 2H* -> H2(g) + 2* | F15: 2 | G15: 2 | H15: -1 | I15: -1 | J15: ='Original params'!M14 -> 21.902787 | K15: ='Original params'!O14*$G$7 -> 74.2973 | L15: ='Original params'!P14*1000 -> 102 | M15: ='Original params'!N14*$G$7 -> -24.964 | O15: R5+R9 | P15: =J14*J18 -> 921.53345 | Q15: =SUM(K14,K18) -> -36.6662 | R15: =SUM(L14,L18) -> 19.053204 | S15: =R15*$G$4/1000 -> 18.541625
C16: ='Original params'!C15 -> 12 | D16: R7 | E16: CH* + O* -> CHO* | G16: 1 | J16: ='Original params'!M15 -> 0.010532825 | K16: ='Original params'!O15*$G$7 -> 43.4205 | L16: ='Original params'!P15*1000 -> 6.7764782 | M16: ='Original params'!N15*$G$7 -> 36.82597 | O16: R7+R8 | P16: =J16*J17 -> 70867.576 | Q16: =SUM(K16:K17) -> -80.0867 | R16: =SUM(L16:L17) -> 10.525357 | S16: =R16*$G$4/1000 -> 10.242752
C17: ='Original params'!C16 -> 14 | D17: R8 | E17: CHO* + * -> CO* + H* | G17: 1 | J17: ='Original params'!M16 -> 6728259.3 | K17: ='Original params'!O16*$G$7 -> -123.5072 | L17: ='Original params'!P16*1000 -> 3.7488791 | M17: ='Original params'!N16*$G$7 -> -127.15542
C18: ='Original params'!C17 -> 16 | D18: R9 | E18: C* + O* -> CO* + * | F18: 1 | J18: ='Original params'!M17 -> 157.66783 | K18: ='Original params'!O17*$G$7 -> -23.1576 | L18: ='Original params'!P17*1000 -> 18.261083 | M18: ='Original params'!N17*$G$7 -> -40.928373
C19: ='Original params'!C18 -> 18 | D19: R10 | E19: CO* -> CO + * | F19: 1 | G19: 1 | J19: ='Original params'!M18 -> 2603.2443 | K19: ='Original params'!O18*$G$7 -> 68.5079 | L19: ='Original params'!P18*1000 -> 135.75988 | M19: ='Original params'!N18*$G$7 -> -63.606829
C20: ='Original params'!C19 -> 20 | D20: R11 | E20: OV + * -> O* + v | F20: 1 | G20: 1 | I20: -1 | J20: ='Original params'!M19 -> 7.3233119e-06 | K20: ='Original params'!O19*$G$7 -> -2.8947 | L20: ='Original params'!P19*1000 -> -101.24728 | M20: ='Original params'!N19*$G$7 -> 95.634092
C21: ='Original params'!C20 -> 22 | D21: R12 | E21: CO2(g)+ v -> CO2v | F21: 1 | G21: 1 | H21: 1 | J21: ='Original params'!M20 -> 1.6884042e-06 | K21: ='Original params'!O20*$G$7 -> -1.9297953 | L21: ='Original params'!P20*1000 -> -112.45028 | M21: ='Original params'!N20*$G$7 -> 107.50119
C22: ='Original params'!C21 -> 24 | D22: R13 | E22: Co2v -> co + Ov | F22: 1 | G22: 1 | H22: 1 | I22: 1 | J22: ='Original params'!M21 -> 1.4025995e-05 | K22: ='Original params'!O21*$G$7 -> 92.6304 | L22: ='Original params'!P21*1000 -> 2.3143197 | M22: ='Original params'!N21*$G$7 -> 90.37822
C23: ='Original params'!C22 -> 26 | D23: R14 | E23: co2(g) + ov -> co3v | I23: 1 | J23: ='Original params'!M22 -> 1.4693661 | K23: ='Original params'!O22*$G$7 -> -32.8066 | L23: ='Original params'!P22*1000 -> -30.513439 | M23: ='Original params'!N22*$G$7 -> -3.1124472
C24: ='Original params'!C23 -> 28 | D24: R15 | E24: co3v + * -> co2v + O* | I24: 1 | J24: ='Original params'!M23 -> 0.0037603541 | K24: ='Original params'!O23*$G$7 -> 101.02503 | L24: ='Original params'!P23*1000 -> 57.410195 | M24: ='Original params'!N23*$G$7 -> 45.156298
C25: ='Original params'!C24 -> 30 | D25: R16 | E25: H* + Ov -> OHV + * | H25: 1 | I25: 1 | J25: ='Original params'!M24 -> 770328.73 | K25: ='Original params'!O24*$G$7 -> -114.8231 | L25: ='Original params'!P24*1000 -> -5.339421 | M25: ='Original params'!N24*$G$7 -> -109.62704
C26: ='Original params'!C25 -> 32 | D26: R17 | E26: OHv + H* -> H2O(g) + v + * | H26: 1 | I26: 1 | J26: ='Original params'!M25 -> 0.47882976 | K26: ='Original params'!O25*$G$7 -> 23.77984 | L26: ='Original params'!P25*1000 -> 18.315657 | M26: ='Original params'!N25*$G$7 -> 5.9559582
E27: Keq (net) calculated | F27: =PRODUCT(J10:J15,J15,J18:J22) -> 1.0572749e-17 | G27: {=PRODUCT((J10:J26)^(G10:G26))} -> 8.1306338e-16 | H27: {=PRODUCT((J10:J26)^(H10:H26))} -> 3.9881178e-07 | I27: {=PRODUCT((J10:J26)^(I10:I26))} -> 178.21439
E28: ∆Grxn calculated (kJ/mol) | F28: =(-1)*($G$3*$G$4*$G$7)*LN(F27) -> 316.13903 | G28: =(-1)*($G$3*$G$4*$G$7)*LN(G27) -> 281.0174 | H28: =(-1)*($G$3*$G$4*$G$7)*LN(H27) -> 119.17233 | I28: =(-1)*($G$3*$G$4*$G$7)*LN(I27) -> -41.919106
E29: ∆Hrxn cal;culated (kJ/mol) | F29: =SUM(K10:K15,K15,K18:K22) -> 302.0137 | G29: =SUM(K10:K13,(2*K15),K16:K17,K19:K22) -> 258.5932 | H29: =SUM((-K15),K21:K22,K25:K26) -> -74.639955 | I29: =SUM((-K15),(-K20),K22:K26) -> -1.5970301
E30: ∆Srxn calculated (J/mol.K) | F30: =SUM(L10:L15,L15,L18:L22) -> -14.515055 | G30: =SUM(L10:L13,(2*L15),L16:L17,L19:L22) -> -23.042901 | H30: =SUM((-L15),L21:L22,L25:L26) -> -199.15972 | I30: =SUM((-L15),(-L20),L22:L26) -> 41.434594
E31: Error (∆Grxn) in kJ/mol | F31: =F28-($L$3) -> 332.65898 | G31: =G28-($L$3) -> 297.53736 | H31: =H28-($L$4) -> 115.28534 | I31: =I28-($L$4) -> -45.806092
E32: Error (∆Hrxn) in kJ/mol | F32: =F29-($M$3) -> 41.571293 | G32: =G29-($M$3) -> -1.8492073 | H32: =H29-($M$4) -> -109.69436 | I32: =I29-($M$4) -> -36.651437
E33: Error (∆Srxn) in J/mol.K | F33: =F30-($N$3) -> -299.11904 | G33: =G30-($N$3) -> -307.64688 | H33: =H30-($N$4) -> -231.18707 | I33: =I30-($N$4) -> 9.4072395
E34: Error in T∆Srxn in kJ/mol | F34: =F33*$G$4/1000 -> -291.08769 | G34: =G33*$G$4/1000 -> -299.38656 | H34: =H33*$G$4/1000 -> -224.9797 | I34: =I33*$G$4/1000 -> 9.1546551

Sheet Corrections1
J4: R | K4: =Corrections2!G5*Corrections2!G9*1000 -> 8.310977 | L4: J/mol.K
C5: Enthalpic corrections | G5: Entropic corrections
C6: Rxn # | D6: Original ∆Hrxn,Ri (kJ/mol) | E6: Correction, ∆∆Hrxn,Ri (kJ/mol) | G6: Rxn # | H6: Original ∆Srxn,Ri (J/mol.K) | I6: Correction, ∆∆Srxn,Ri (J/mol.K) | J6: exp(∆Srxn,Ri/R)
C7: R1 | D7: -1.93 | E7: -0.075107 | G7: R1 | H7: -112.45 | I7: 23.575855 | J7: =EXP(I7/$K$4) -> 17.059595
C8: R2 | D8: 5.79 | E8: -0.750981 | G8: R2 | H8: -37.41 | I8: 2.357802 | J8: =EXP(I8/$K$4) -> 1.3280309
C9: R3 | D9: 43.42 | E9: -7.509752 | G9: R3 | H9: -1.77 | I9: 23.575853 | J9: =EXP(I9/$K$4) -> 17.059591
C10: R4 | D10: -13.51 | E10: -7.509752 | G10: R4 | H10: -10.32 | I10: 23.575853 | J10: =EXP(I10/$K$4) -> 17.059591
C11: R5 | D11: -13.51 | E11: -8.323104 | G11: R5 | H11: 0.79 | I11: 21.941979 | J11: =EXP(I11/$K$4) -> 14.014889
C12: R6 | D12: 74.3 | E12: -25 | G12: R6 | H12: 102 | I12: -6.714062 | J12: =EXP(I12/$K$4) -> 0.44581344
C13: R7 | D13: 43.42 | E13: 8.132332 | G13: R7 | H13: 6.78 | I13: 16.328153 | J13: =EXP(I13/$K$4) -> 7.1324089
C14: R8 | D14: -123.51 | E14: 8.132332 | G14: R8 | H14: 3.75 | I14: 16.328153 | J14: =EXP(I14/$K$4) -> 7.1324089
C15: R9 | D15: -23.16 | E15: -0.832233 | G15: R9 | H15: 18.26 | I15: 2.194328 | J15: =EXP(I15/$K$4) -> 1.3021642
C16: R10 | D16: 68.51 | E16: -7.509766 | G16: R10 | H16: 135.76 | I16: 23.575855 | J16: =EXP(I16/$K$4) -> 17.059595
C17: R11 | D17: -2.89 | E17: 24.240696 | G17: R11 | H17: -101.25 | I17: 75.016056 | J17: =EXP(I17/$K$4) -> 8317.705
C18: R12 | D18: -1.93 | E18: 2.624133 | G18: R12 | H18: -112.45 | I18: 100 | J18: =EXP(I18/$K$4) -> 168094.18
... C23: R17 | D23: 23.78 | E23: 25 | G23: R17 | H23: 18.32 | I23: 53.865703 | J23: =EXP(I23/$K$4) -> 652.8008

Sheet Corrections2
F4: Constants | J4: Rxn # | K4: Rxn | L4: Correction, ∆∆Hrxn,Ri (kJ/mol) | M4: ∆∆Hf,Ri (kJ/mol) | N4: ∆∆Hr,Ri (kJ/mol) | O4: ∆∆Hf,Ri (eV) | P4: ∆∆Hr,Ri (eV) | Q4: exp(∆∆Srxn,Ri/R) | R4: ∆Srxn,Ri (J/molK) | S4: ∆Srxn,Ri (eV/K) | T4: ∆Hrxn,Ri (eV)
F5: R | G5: ='Original params'!I4 -> 8.613304e-05 | H5: eV/K | J5: ='Original params'!D9 -> R1 | K5: CH4(g) + * -> CH4* | L5: =Corrections1!E7 -> -0.075107 | M5: 0.92 | N5: 1 | O5: =M5/$G$9 -> 0.0095346668 | P5: =N5/$G$9 -> 0.010363768 | Q5: =Corrections1!J7 -> 17.059595 | R5: =$G$5*$G$9*LN(Q5) -> 0.023575855 | S5: =R5*$G$6/$G$6 -> 0.023575855 | T5: =(O5-P5) -> -0.00082910146
F6: T | G6: ='Original params'!I3 -> 973.15 | H6: K | J6: ='Original params'!D10 -> R2 | K6: CH4* + * -> CH3* + H* | L6: =Corrections1!E8 -> -0.750981 | M6: =L6/2 -> -0.3754905 | N6: =-M6 -> 0.3754905 | O6: =M6/$G$9 -> -0.0038914965 | P6: =N6/$G$9 -> 0.0038914965 | Q6: =Corrections1!J8 -> 1.3280309 | R6: =$G$5*$G$9*LN(Q6) -> 0.002357802 | S6: =R6*$G$6/$G$6 -> 0.002357802 | T6: =(O6-P6) -> -0.0077829931
F7: KB | G7: ='Original params'!L2 -> 1.38e-23 | H7: J/molK | J7: ='Original params'!D11 -> R3 | K7: CH3* + * -> CH2* + H* | L7: =Corrections1!E9 -> -7.509752 | M7: =L7/2 -> -3.754876 | N7: =-M7 -> 3.754876 | O7: =M7/$G$9 -> -0.038914665 | P7: =N7/$G$9 -> 0.038914665 | Q7: =Corrections1!J9 -> 17.059591 | R7: =$G$5*$G$9*LN(Q7) -> 0.023575853 | S7: =R7*$G$6/$G$6 -> 0.023575853 | T7: =(O7-P7) -> -0.077829329
F8: h | G8: ='Original params'!L3 -> 6.626e-34 | H8: Js | J8: ='Original params'!D12 -> R4 | K8: CH2* + * -> CH* + H* | L8: =Corrections1!E10 -> -7.509752 | M8: =L8/2 -> -3.754876 | N8: =-M8 -> 3.754876 | O8: =M8/$G$9 -> -0.038914665 | P8: =N8/$G$9 -> 0.038914665 | Q8: =Corrections1!J10 -> 17.059591 | R8: =$G$5*$G$9*LN(Q8) -> 0.023575853 | S8: =R8*$G$6/$G$6 -> 0.023575853 | T8: =(O8-P8) -> -0.077829329
F9: eV to kJ/mol | G9: ='Original params'!L4 -> 96.49 | H9: kJ/mol | J9: ='Original params'!D13 -> R5 | K9: CH* + * -> C* + H* | L9: =Corrections1!E11 -> -8.323104 | M9: =L9/2 -> -4.161552 | N9: =-M9 -> 4.161552 | O9: =M9/$G$9 -> -0.043129361 | P9: =N9/$G$9 -> 0.043129361 | Q9: =Corrections1!J11 -> 14.014889 | R9: =$G$5*$G$9*LN(Q9) -> 0.021941979 | S9: =R9*$G$6/$G$6 -> 0.021941979 | T9: =(O9-P9) -> -0.086258721
J10: ='Original params'!D14 -> R6 | K10: 2H* -> H2(g) + 2* | L10: =Corrections1!E12 -> -25 | M10: =L10 -> -25 | N10: 0 | O10: =M10/$G$9 -> -0.25909421 | P10: =N10/$G$9 -> 0 | Q10: =Corrections1!J12 -> 0.44581344 | R10: =$G$5*$G$9*LN(Q10) -> -0.006714062 | S10: =R10*$G$6/$G$6 -> -0.006714062 | T10: =(O10-P10) -> -0.25909421
J11: ='Original params'!D15 -> R7 | K11: CH* + O* -> CHO* | L11: =Corrections1!E13 -> 8.132332 | M11: =L11/2 -> 4.066166 | N11: =-M11 -> -4.066166 | O11: =M11/$G$9 -> 0.042140802 | P11: =N11/$G$9 -> -0.042140802 | Q11: =Corrections1!J13 -> 7.1324089 | R11: =$G$5*$G$9*LN(Q11) -> 0.016328153 | S11: =R11*$G$6/$G$6 -> 0.016328153 | T11: =(O11-P11) -> 0.084281604
J12: ='Original params'!D16 -> R8 | K12: CHO* + * -> CO* + H* | L12: =Corrections1!E14 -> 8.132332 | M12: =L12/2 -> 4.066166 | N12: =-M12 -> -4.066166 | O12: =M12/$G$9 -> 0.042140802 | P12: =N12/$G$9 -> -0.042140802 | Q12: =Corrections1!J14 -> 7.1324089 | R12: =$G$5*$G$9*LN(Q12) -> 0.016328153 | S12: =R12*$G$6/$G$6 -> 0.016328153 | T12: =(O12-P12) -> 0.084281604
J13: ='Original params'!D17 -> R9 | K13: C* + O* -> CO* + * | L13: =Corrections1!E15 -> -0.832233 | M13: =L13/2 -> -0.4161165 | N13: =-M13 -> 0.4161165 | O13: =M13/$G$9 -> -0.004312535 | P13: =N13/$G$9 -> 0.004312535 | Q13: =Corrections1!J15 -> 1.3021642 | R13: =$G$5*$G$9*LN(Q13) -> 0.002194328 | S13: =R13*$G$6/$G$6 -> 0.002194328 | T13: =(O13-P13) -> -0.00862507
J14: ='Original params'!D18 -> R10 | K14: CO* -> CO + * | L14: =Corrections1!E16 -> -7.509766 | M14: =L14 -> -7.509766 | N14: 0 | O14: =M14/$G$9 -> -0.077829475 | P14: =N14/$G$9 -> 0 | Q14: =Corrections1!J16 -> 17.059595 | R14: =$G$5*$G$9*LN(Q14) -> 0.023575855 | S14: =R14*$G$6/$G$6 -> 0.023575855 | T14: =(O14-P14) -> -0.077829475
J15: ='Original params'!D19 -> R11 | K15: OV + * -> O* + v | L15: =Corrections1!E17 -> 24.240696 | M15: =L15/2 -> 12.120348 | N15: =-M15 -> -12.120348 | O15: =M15/$G$9 -> 0.12561248 | P15: =N15/$G$9 -> -0.12561248 | Q15: =Corrections1!J17 -> 8317.705 | R15: =$G$5*$G$9*LN(Q15) -> 0.075016056 | S15: =R15*$G$6/$G$6 -> 0.075016056 | T15: =(O15-P15) -> 0.25122496
J16: ='Original params'!D20 -> R12 | K16: CO2(g)+ v -> CO2v | L16: =Corrections1!E18 -> 2.624133 | M16: =L16/2 -> 1.3120665 | N16: =-M16 -> -1.3120665 | O16: =M16/$G$9 -> 0.013597953 | P16: =N16/$G$9 -> -0.013597953 | Q16: =Corrections1!J18 -> 168094.18 | R16: =$G$5*$G$9*LN(Q16) -> 0.1 | S16: =R16*$G$6/$G$6 -> 0.1 | T16: =(O16-P16) -> 0.027195906
J17: ='Original params'!D21 -> R13 | K17: Co2v -> co + Ov | L17: =Corrections1!E19 -> 23.065867 | M17: =L17/2 -> 11.532934 | N17: =-M17 -> -11.532934 | O17: =M17/$G$9 -> 0.11952465 | P17: =N17/$G$9 -> -0.11952465 | Q17: =Corrections1!J19 -> 2.5391898 | R17: =$G$5*$G$9*LN(Q17) -> 0.007744543 | S17: =R17*$G$6/$G$6 -> 0.007744543 | T17: =(O17-P17) -> 0.2390493
J18: ='Original params'!D22 -> R14 | K18: co2(g) + ov -> co3v | L18: =Corrections1!E20 -> -3.175171 | M18: =L18/2 -> -1.5875855 | N18: =-M18 -> 1.5875855 | O18: =M18/$G$9 -> -0.016453368 | P18: =N18/$G$9 -> 0.016453368 | Q18: =Corrections1!J20 -> 0.5385322 | R18: =$G$5*$G$9*LN(Q18) -> -0.00514373 | S18: =R18*$G$6/$G$6 -> -0.00514373 | T18: =(O18-P18) -> -0.032906736
J19: ='Original params'!D23 -> R15 | K19: co3v + * -> co2v + O* | L19: =Corrections1!E21 -> -25 | M19: =L19/2 -> -12.5 | N19: =-M19 -> 12.5 | O19: =M19/$G$9 -> -0.1295471 | P19: =N19/$G$9 -> 0.1295471 | Q19: =Corrections1!J21 -> 0.0020509946 | R19: =$G$5*$G$9*LN(Q19) -> -0.051440214 | S19: =R19*$G$6/$G$6 -> -0.051440214 | T19: =(O19-P19) -> -0.25909421
J20: ='Original params'!D24 -> R16 | K20: H* + Ov -> OHV + * | L20: =Corrections1!E22 -> 25 | M20: =L20/2 -> 12.5 | N20: =-M20 -> -12.5 | O20: =M20/$G$9 -> 0.1295471 | P20: =N20/$G$9 -> -0.1295471 | Q20: =Corrections1!J22 -> 652.79986 | R20: =$G$5*$G$9*LN(Q20) -> 0.053865691 | S20: =R20*$G$6/$G$6 -> 0.053865691 | T20: =(O20-P20) -> 0.25909421
J21: ='Original params'!D25 -> R17 | K21: OHv + H* -> H2O(g) + v + * | L21: =Corrections1!E23 -> 25 | M21: =L21/2 -> 12.5 | N21: =-M21 -> -12.5 | O21: =M21/$G$9 -> 0.1295471 | P21: =N21/$G$9 -> -0.1295471 | Q21: =Corrections1!J23 -> 652.8008 | R21: =$G$5*$G$9*LN(Q21) -> 0.053865703 | S21: =R21*$G$6/$G$6 -> 0.053865703 | T21: =(O21-P21) -> 0.25909421

Sheet Refined params
G1: Constants
G2: kB.T/h | H2: =(K2*H3)/K3 -> 2.0267839e+13 | I2: (1/s) | J2: kB | K2: =1.38*10^-23 -> 1.38e-23 | L2: J/K
G3: T | H3: ='Original params'!I3 -> 973.15 | I3: K | J3: h | K3: =6.626*10^-34 -> 6.626e-34 | L3: J.s
G4: R | H4: =(8.314*0.01036/1000) -> 8.613304e-05 | I4: eV/K | J4: eV to kJ/mol | K4: 96.49
G5: Tref for prefactors (Ref. 10) | H5: 698.15 | I5: K
C8: rate index | D8: Rxn # | E8: Rxn | F8: ∆Hf,Ri (eV) | G8: ∆Hr,Ri (eV) | H8: Af,Ri (s-1) | I8: Af,Ri /Ar,Ri | J8: Ar,Ri (s-1) | K8: kf,Ri (1/s) | L8: kr,Ri (1/s) | M8: Keq | N8: ∆Grxn,Ri (eV) | O8: ∆Hrxn,Ri (eV) | P8: ∆Srxn,Ri (kJ/mol.K)
C9: ='Original params'!C9 -> 0 | D9: ='Original params'!D9 -> R1 | E9: CH4(g) + * -> CH4* | F9: ='Original params'!F9+Corrections2!O5 -> 0.0095346668 | G9: ='Original params'!G9+Corrections2!P5 -> 0.030363768 | H9: ='Original params'!H9*SQRT(Corrections2!Q5) -> 1.4335563e+09 | I9: =H9/J9 -> 2.2689262e-05 | J9: ='Original params'!J9/SQRT(Corrections2!Q5) -> 6.3182149e+13 | K9: =H9*EXP(-F9/($H$4*$H$3)) -> 1.2794203e+09 | L9: =J9*EXP(-G9/($H$4*$H$3)) -> 4.3981703e+13 | M9: =K9/L9 -> 2.9089831e-05 | N9: =($H$4*$H$3*(-1))*LN(M9) -> 0.87551396 | O9: =F9-G9 -> -0.020829101 | P9: =(O9-N9)*$K$4/$H$3 -> -0.08887442
C10: ='Original params'!C10 -> 2 | D10: ='Original params'!D10 -> R2 | E10: CH4* + * -> CH3* + H* | F10: ='Original params'!F10+Corrections2!O6 -> 0.9761085 | G10: ='Original params'!G10+Corrections2!P6 -> 0.9238915 | H10: ='Original params'!H10*SQRT(Corrections2!Q6) -> 7.7746438e+11 | I10: =H10/J10 -> 0.014741143 | J10: ='Original params'!J10/SQRT(Corrections2!Q6) -> 5.2741118e+13 | K10: =H10*EXP(-F10/($H$4*$H$3)) -> 6811079.9 | L10: =J10*EXP(-G10/($H$4*$H$3)) -> 8.6145839e+08 | M10: =K10/L10 -> 0.0079064526 | N10: =($H$4*$H$3*(-1))*LN(M10) -> 0.40569696 | O10: =F10-G10 -> 0.052217007 | P10: =(O10-N10)*$K$4/$H$3 -> -0.035048328
C11: ='Original params'!C11 -> 4 | D11: ='Original params'!D11 -> R3 | E11: CH3* + * -> CH2* + H* | F11: ='Original params'!F11+Corrections2!O7 -> 0.73108534 | G11: ='Original params'!G11+Corrections2!P7 -> 0.35891466 | H11: ='Original params'!H11*SQRT(Corrections2!Q7) -> 5.1987999e+13 | I11: =H11/J11 -> 13.78415 | J11: ='Original params'!J11/SQRT(Corrections2!Q7) -> 3.7715783e+12 | K11: =H11*EXP(-F11/($H$4*$H$3)) -> 8.4716003e+09 | L11: =J11*EXP(-G11/($H$4*$H$3)) -> 5.2106951e+10 | M11: =K11/L11 -> 0.162581 | N11: =($H$4*$H$3*(-1))*LN(M11) -> 0.15226631 | O11: =F11-G11 -> 0.37217067 | P11: =(O11-N11)*$K$4/$H$3 -> 0.021804009
C12: ='Original params'!C12 -> 6 | D12: ='Original params'!D12 -> R4 | E12: CH2* + * -> CH* + H* | F12: ='Original params'!F12+Corrections2!O8 -> 0.48108534 | G12: ='Original params'!G12+Corrections2!P8 -> 0.69891466 | H12: ='Original params'!H12*SQRT(Corrections2!Q8) -> 2.7577244e+13 | I12: =H12/J12 -> 4.9302218 | J12: ='Original params'!J12/SQRT(Corrections2!Q8) -> 5.5935099e+12 | K12: =H12*EXP(-F12/($H$4*$H$3)) -> 8.8700551e+10 | L12: =J12*EXP(-G12/($H$4*$H$3)) -> 1.337923e+09 | M12: =K12/L12 -> 66.297201 | N12: =($H$4*$H$3*(-1))*LN(M12) -> -0.351555 | O12: =F12-G12 -> -0.21782933 | P12: =(O12-N12)*$K$4/$H$3 -> 0.0132592
C13: ='Original params'!C13 -> 8 | D13: ='Original params'!D13 -> R5 | E13: CH* + * -> C* + H* | F13: ='Original params'!F13+Corrections2!O9 -> 0.65687064 | G13: ='Original params'!G13+Corrections2!P9 -> 0.88312936 | H13: ='Original params'!H13*SQRT(Corrections2!Q9) -> 5.5835403e+13 | I13: =H13/J13 -> 15.416378 | J13: ='Original params'!J13/SQRT(Corrections2!Q9) -> 3.6218237e+12 | K13: =H13*EXP(-F13/($H$4*$H$3)) -> 2.2054493e+10 | L13: =J13*EXP(-G13/($H$4*$H$3)) -> 96208000 | M13: =K13/L13 -> 229.23762 | N13: =($H$4*$H$3*(-1))*LN(M13) -> -0.45554351 | O13: =F13-G13 -> -0.22625872 | P13: =(O13-N13)*$K$4/$H$3 -> 0.0227341
C14: ='Original params'!C14 -> 10 | D14: ='Original params'!D14 -> R6 | E14: 2H* -> H2(g) + 2* | F14: ='Original params'!F14+Corrections2!O10 -> 0.51090579 | G14: ='Original params'!G14+Corrections2!P10 -> 0 | H14: ='Original params'!H14*SQRT(Corrections2!Q10) -> 1.4265752e+13 | I14: =H14/J14 -> 95327.208 | J14: ='Original params'!J14/SQRT(Corrections2!Q10) -> 1.4965037e+08 | K14: =H14*EXP(-F14/($H$4*$H$3)) -> 3.2148654e+10 | L14: =J14*EXP(-G14/($H$4*$H$3)) -> 1.4965037e+08 | M14: =K14/L14 -> 214.82509 | N14: =($H$4*$H$3*(-1))*LN(M14) -> -0.45010064 | O14: =F14-G14 -> 0.51090579 | P14: =(O14-N14)*$K$4/$H$3 -> 0.095285938
C15: ='Original params'!C15 -> 12 | D15: ='Original params'!D15 -> R7 | E15: CH* + O* -> CHO* | F15: ='Original params'!F15+Corrections2!O11 -> 1.5721408 | G15: ='Original params'!G15+Corrections2!P11 -> 1.0378592 | H15: ='Original params'!H15*SQRT(Corrections2!Q11) -> 4.0204338e+13 | I15: =H15/J15 -> 16.119244 | J15: ='Original params'!J15/SQRT(Corrections2!Q11) -> 2.4941826e+12 | K15: =H15*EXP(-F15/($H$4*$H$3)) -> 287484.62 | L15: =J15*EXP(-G15/($H$4*$H$3)) -> 10459665 | M15: =K15/L15 -> 0.027485069 | N15: =($H$4*$H$3*(-1))*LN(M15) -> 0.30125982 | O15: =F15-G15 -> 0.5342816 | P15: =(O15-N15)*$K$4/$H$3 -> 0.023104631
C16: ='Original params'!C16 -> 14 | D16: ='Original params'!D16 -> R8 | E16: CHO* + * -> CO* + H* | F16: ='Original params'!F16+Corrections2!O12 -> 0.2421408 | G16: ='Original params'!G16+Corrections2!P12 -> 1.4378592 | H16: ='Original params'!H16*SQRT(Corrections2!Q12) -> 6.7751755e+13 | I16: =H16/J16 -> 11.197882 | J16: ='Original params'!J16/SQRT(Corrections2!Q12) -> 6.050408e+12 | K16: =H16*EXP(-F16/($H$4*$H$3)) -> 3.7698836e+12 | L16: =J16*EXP(-G16/($H$4*$H$3)) -> 214720.37 | M16: =K16/L16 -> 17557177 | N16: =($H$4*$H$3*(-1))*LN(M16) -> -1.3982053 | O16: =F16-G16 -> -1.1957184 | P16: =(O16-N16)*$K$4/$H$3 -> 0.020077032
C17: ='Original params'!C17 -> 16 | D17: ='Original params'!D17 -> R9 | E17: C* + O* -> CO* + * | F17: ='Original params'!F17+Corrections2!O13 -> 1.1056875 | G17: ='Original params'!G17+Corrections2!P13 -> 1.3543125 | H17: ='Original params'!H17*SQRT(Corrections2!Q13) -> 1.5047178e+13 | I17: =H17/J17 -> 11.719478 | J17: ='Original params'!J17/SQRT(Corrections2!Q13) -> 1.2839461e+12 | K17: =H17*EXP(-F17/($H$4*$H$3)) -> 28093719 | L17: =J17*EXP(-G17/($H$4*$H$3)) -> 123455.86 | M17: =K17/L17 -> 227.56083 | N17: =($H$4*$H$3*(-1))*LN(M17) -> -0.45492814 | O17: =F17-G17 -> -0.24862507 | P17: =(O17-N17)*$K$4/$H$3 -> 0.020455411
C18: ='Original params'!C18 -> 18 | D18: ='Original params'!D18 -> R10 | E18: CO* -> CO + * | F18: ='Original params'!F18+Corrections2!O14 -> 0.63217053 | G18: ='Original params'!G18+Corrections2!P14 -> 0 | H18: ='Original params'!H18*SQRT(Corrections2!Q14) -> 1.3445513e+20 | I18: =H18/J18 -> 2.1192044e+08 | J18: ='Original params'!J18/SQRT(Corrections2!Q14) -> 6.3446042e+11 | K18: =H18*EXP(-F18/(H4*H3)) -> 7.1308668e+16 | L18: =J18*EXP(-G18/(H4*H3)) -> 6.3446042e+11 | M18: =K18/L18 -> 112392.62 | N18: =($H$4*$H$3*(-1))*LN(M18) -> -0.97481022 | O18: =F18-G18 -> 0.63217053 | P18: =(O18-N18)*$K$4/$H$3 -> 0.15933574
C19: ='Original params'!C19 -> 20 | D19: ='Original params'!D19 -> R11 | E19: OV + * -> O* + v | F19: ='Original params'!F19+Corrections2!O15 -> 1.5056125 | G19: ='Original params'!G19+Corrections2!P15 -> 1.2843875 | H19: ='Original params'!H19*SQRT(Corrections2!Q15) -> 1.6144943e+15 | I19: =H19/J19 -> 0.04258665 | J19: ='Original params'!J19/SQRT(Corrections2!Q15) -> 3.7910809e+16 | K19: =H19*EXP(-F19/($H$4*$H$3)) -> 25531614 | L19: =J19*EXP(-G19/($H$4*$H$3)) -> 8.3951241e+09 | M19: =K19/L19 -> 0.0030412431 | N19: =($H$4*$H$3*(-1))*LN(M19) -> 0.48578001 | O19: =F19-G19 -> 0.22122496 | P19: =(O19-N19)*$K$4/$H$3 -> -0.026231226
C20: ='Original params'!C20 -> 22 | D20: ='Original params'!D20 -> R12 | E20: CO2(g)+ v -> CO2v | F20: ='Original params'!F20+Corrections2!O16 -> 0.013598002 | G20: ='Original params'!G20+Corrections2!P16 -> 0.0064020468 | H20: ='Original params'!H20*SQRT(Corrections2!Q16) -> 1.423006e+11 | I20: =H20/J20 -> 0.22356525 | J20: ='Original params'!J20/SQRT(Corrections2!Q16) -> 6.3650588e+11 | K20: =H20*EXP(-F20/($H$4*$H$3)) -> 1.2099072e+11 | L20: =J20*EXP(-G20/($H$4*$H$3)) -> 5.8970091e+11 | M20: =K20/L20 -> 0.20517302 | N20: =($H$4*$H$3*(-1))*LN(M20) -> 0.13276322 | O20: =F20-G20 -> 0.0071959552 | P20: =(O20-N20)*$K$4/$H$3 -> -0.012450275
C21: ='Original params'!C21 -> 24 | D21: ='Original params'!D21 -> R13 | E21: Co2v -> co + Ov | F21: ='Original params'!F21+Corrections2!O17 -> 1.8595247 | G21: ='Original params'!G21+Corrections2!P17 -> 0.66047535 | H21: ='Original params'!H21*SQRT(Corrections2!Q17) -> 4.6506914e+13 | I21: =H21/J21 -> 3.354526 | J21: ='Original params'!J21/SQRT(Corrections2!Q17) -> 1.386393e+13 | K21: =H21*EXP(-F21/($H$4*$H$3)) -> 10785.765 | L21: =J21*EXP(-G21/($H$4*$H$3)) -> 5.2456205e+09 | M21: =K21/L21 -> 2.0561467e-06 | N21: =($H$4*$H$3*(-1))*LN(M21) -> 1.0976006 | O21: =F21-G21 -> 1.1990493 | P21: =(O21-N21)*$K$4/$H$3 -> 0.010058863
C22: ='Original params'!C22 -> 26 | D22: ='Original params'!D22 -> R14 | E22: co2(g) + ov -> co3v | F22: ='Original params'!F22+Corrections2!O18 -> 0.16354663 | G22: ='Original params'!G22+Corrections2!P18 -> 0.53645337 | H22: ='Original params'!H22*SQRT(Corrections2!Q18) -> 2.4049135e+11 | I22: =H22/J22 -> 0.013699852 | J22: ='Original params'!J22/SQRT(Corrections2!Q18) -> 1.7554303e+13 | K22: =H22*EXP(-F22/($H$4*$H$3)) -> 3.4176145e+10 | L22: =J22*EXP(-G22/($H$4*$H$3)) -> 2.916643e+10 | M22: =K22/L22 -> 1.171763 | N22: =($H$4*$H$3*(-1))*LN(M22) -> -0.013286323 | O22: =F22-G22 -> -0.37290674 | P22: =(O22-N22)*$K$4/$H$3 -> -0.035657169
C23: ='Original params'!C23 -> 28 | D23: ='Original params'!D23 -> R15 | E23: co3v + * -> co2v + O* | F23: ='Original params'!F23+Corrections2!O19 -> 1.6504529 | G23: ='Original params'!G23+Corrections2!P19 -> 0.8625471 | H23: ='Original params'!H23*SQRT(Corrections2!Q19) -> 9.1788803e+11 | I23: =H23/J23 -> 2.0509946 | J23: ='Original params'!J23/SQRT(Corrections2!Q19) -> 4.4753312e+11 | K23: =H23*EXP(-F23/($H$4*$H$3)) -> 2578.5567 | L23: =J23*EXP(-G23/($H$4*$H$3)) -> 15196758 | M23: =K23/L23 -> 0.00016967808 | N23: =($H$4*$H$3*(-1))*LN(M23) -> 0.72769554 | O23: =F23-G23 -> 0.78790579 | P23: =(O23-N23)*$K$4/$H$3 -> 0.0059699814
C24: ='Original params'!C24 -> 30 | D24: ='Original params'!D24 -> R16 | E24: H* + Ov -> OHV + * | F24: ='Original params'!F24+Corrections2!O20 -> 1.3695471 | G24: ='Original params'!G24+Corrections2!P20 -> 2.3004529 | H24: ='Original params'!H24*SQRT(Corrections2!Q20) -> 4.6295096e+14 | I24: =H24/J24 -> 343.37273 | J24: ='Original params'!J24/SQRT(Corrections2!Q20) -> 1.3482462e+12 | K24: =H24*EXP(-F24/($H$4*$H$3)) -> 37116394 | L24: =J24*EXP(-G24/($H$4*$H$3)) -> 1.6238358 | M24: =K24/L24 -> 22857234 | N24: =($H$4*$H$3*(-1))*LN(M24) -> -1.4203175 | O24: =F24-G24 -> -0.93090579 | P24: =(O24-N24)*$K$4/$H$3 -> 0.04852627
C25: ='Original params'!C25 -> 32 | D25: ='Original params'!D25 -> R17 | E25: OHv + H* -> H2O(g) + v + * | F25: ='Original params'!F25+Corrections2!O21 -> 2.3953303 | G25: ='Original params'!G25+Corrections2!P21 -> 1.8897873 | H25: ='Original params'!H25*SQRT(Corrections2!Q21) -> 4.1142595e+15 | I25: =H25/J25 -> 5913.9138 | J25: ='Original params'!J25/SQRT(Corrections2!Q21) -> 6.956915e+11 | K25: =H25*EXP(-F25/($H$4*$H$3)) -> 1597.6475 | L25: =J25*EXP(-G25/($H$4*$H$3)) -> 112.44797 | M25: =K25/L25 -> 14.207882 | N25: =($H$4*$H$3*(-1))*LN(M25) -> -0.22244223 | O25: =F25-G25 -> 0.50554296 | P25: =(O25-N25)*$K$4/$H$3 -> 0.07218136

Sheet Refined Krxn_calc
J1: Net thermodynamic properties for DRM/rWGS based on NIST
F2: Constants | K2: Keq (net) | L2: ∆Grxn (kJ/mol) | M2: ∆Hrxn (kJ/mol) | N2: ∆Srxn (J/mol.K)
F3: R | G3: ='Initial Krxn_calc'!G3 -> 8.613304e-05 | H3: eV/K | J3: DRM | K3: ='Initial Krxn_calc'!K3 -> 7.7103991 | L3: ='Initial Krxn_calc'!L3 -> -16.519953 | M3: ='Initial Krxn_calc'!M3 -> 260.44241 | N3: ='Initial Krxn_calc'!N3 -> 284.60398
F4: T | G4: ='Initial Krxn_calc'!G4 -> 973.15 | H4: K | J4: rWGS | K4: ='Initial Krxn_calc'!K4 -> 0.61841401 | L4: ='Initial Krxn_calc'!L4 -> 3.8869865 | M4: ='Initial Krxn_calc'!M4 -> 35.054407 | N4: ='Initial Krxn_calc'!N4 -> 32.027355
F5: KB | G5: ='Initial Krxn_calc'!G5 -> 1.38e-23 | H5: J/molK
F6: h | G6: ='Initial Krxn_calc'!G6 -> 6.626e-34 | H6: Js
F7: 1eV = | G7: ='Initial Krxn_calc'!G7 -> 96.49 | H7: kJ/mol
D9: Rxn # | E9: Rxn | F9: D1 | G9: D2 | H9: W1 | I9: W2 | J9: Keq | K9: ∆Hrxn,Ri (kJ/mol) | L9: ∆Srxn,Ri (J/mol.K) | M9: ∆Grxn,Ri (kJ/mol)
C10: ='Original params'!C9 -> 0 | D10: ='Original params'!D9 -> R1 | E10: CH4(g) + * -> CH4* | F10: 1 | G10: 1 | J10: ='Refined params'!M9 -> 2.9089831e-05 | K10: ='Refined params'!O9*$G$7 -> -2.0098 | L10: ='Refined params'!P9*1000 -> -88.87442 | M10: ='Refined params'!N9*$G$7 -> 84.478342
C11: ='Original params'!C10 -> 2 | D11: ='Original params'!D10 -> R2 | E11: CH4* + * -> CH3* + H* | F11: 1 | G11: 1 | J11: ='Refined params'!M10 -> 0.0079064526 | K11: ='Refined params'!O10*$G$7 -> 5.038419 | L11: ='Refined params'!P10*1000 -> -35.048328 | M11: ='Refined params'!N10*$G$7 -> 39.145699
C12: ='Original params'!C11 -> 4 | D12: ='Original params'!D11 -> R3 | E12: CH3* + * -> CH2* + H* | F12: 1 | G12: 1 | J12: ='Refined params'!M11 -> 0.162581 | K12: ='Refined params'!O11*$G$7 -> 35.910748 | L12: ='Refined params'!P11*1000 -> 21.804009 | M12: ='Refined params'!N11*$G$7 -> 14.692177 | P12: Keq | Q12: ∆Hrxn (kJ/mol) | R12: ∆Srxn (J/mol.K) | S12: T∆Srxn (kJ/mol)
C13: ='Original params'!C12 -> 6 | D13: ='Original params'!D12 -> R4 | E13: CH2* + * -> CH* + H* | F13: 1 | G13: 1 | J13: ='Refined params'!M12 -> 66.297201 | K13: ='Refined params'!O12*$G$7 -> -21.018352 | L13: ='Refined params'!P12*1000 -> 13.2592 | M13: ='Refined params'!N12*$G$7 -> -33.921542 | O13: R11+R12 | P13: =J20*J21 -> 0.00062398104 | Q13: =SUM(K20:K21) -> 22.040334 | R13: =SUM(L20:L21) -> -38.681501 | S13: =R13*$G$4/1000 -> -37.642903
C14: ='Original params'!C13 -> 8 | D14: ='Original params'!D13 -> R5 | E14: CH* + * -> C* + H* | F14: 1 | J14: ='Refined params'!M13 -> 229.23762 | K14: ='Refined params'!O13*$G$7 -> -21.831704 | L14: ='Refined params'!P13*1000 -> 22.7341 | M14: ='Refined params'!N13*$G$7 -> -43.955393 | O14: R14+R15 | P14: =J23*J24 -> 0.0001988225 | Q14: =SUM(K23:K24) -> 40.043259 | R14: =SUM(L23:L24) -> -29.687187 | S14: =R14*$G$4/1000 -> -28.890086
C15: ='Original params'!C14 -> 10 | D15: ='Original params'!D14 -> R6 | E15: 2H* -> H2(g) + 2* | F15: 2 | G15: 2 | H15: -1 | I15: -1 | J15: ='Refined params'!M14 -> 214.82509 | K15: ='Refined params'!O14*$G$7 -> 49.2973 | L15: ='Refined params'!P14*1000 -> 95.285938 | M15: ='Refined params'!N14*$G$7 -> -43.430211 | O15: R5+R9 | P15: =J14*J18 -> 52165.504 | Q15: =SUM(K14,K18) -> -45.821537 | R15: =SUM(L14,L18) -> 43.189511 | S15: =R15*$G$4/1000 -> 42.029872
C16: ='Original params'!C15 -> 12 | D16: ='Original params'!D15 -> R7 | E16: CH* + O* -> CHO* | G16: 1 | J16: ='Refined params'!M15 -> 0.027485069 | K16: ='Refined params'!O15*$G$7 -> 51.552832 | L16: ='Refined params'!P15*1000 -> 23.104631 | M16: ='Refined params'!N15*$G$7 -> 29.06856 | O16: R7+R8 | P16: =J16*J17 -> 482560.22 | Q16: =SUM(K16:K17) -> -63.822036 | R16: =SUM(L16:L17) -> 43.181663 | S16: =R16*$G$4/1000 -> 42.022236
C17: ='Original params'!C16 -> 14 | D17: ='Original params'!D16 -> R8 | E17: CHO* + * -> CO* + H* | G17: 1 | J17: ='Refined params'!M16 -> 17557177 | K17: ='Refined params'!O16*$G$7 -> -115.37487 | L17: ='Refined params'!P16*1000 -> 20.077032 | M17: ='Refined params'!N16*$G$7 -> -134.91283
C18: ='Original params'!C17 -> 16 | D18: ='Original params'!D17 -> R9 | E18: C* + O* -> CO* + * | F18: 1 | J18: ='Refined params'!M17 -> 227.56083 | K18: ='Refined params'!O17*$G$7 -> -23.989833 | L18: ='Refined params'!P17*1000 -> 20.455411 | M18: ='Refined params'!N17*$G$7 -> -43.896016
C19: ='Original params'!C18 -> 18 | D19: ='Original params'!D18 -> R10 | E19: CO* -> CO + * | F19: 1 | G19: 1 | J19: ='Refined params'!M18 -> 112392.62 | K19: ='Refined params'!O18*$G$7 -> 60.998134 | L19: ='Refined params'!P18*1000 -> 159.33574 | M19: ='Refined params'!N18*$G$7 -> -94.059438
C20: ='Original params'!C19 -> 20 | D20: ='Original params'!D19 -> R11 | E20: OV + * -> O* + v | F20: 1 | G20: 1 | I20: -1 | J20: ='Refined params'!M19 -> 0.0030412431 | K20: ='Refined params'!O19*$G$7 -> 21.345996 | L20: ='Refined params'!P19*1000 -> -26.231226 | M20: ='Refined params'!N19*$G$7 -> 46.872913
C21: ='Original params'!C20 -> 22 | D21: ='Original params'!D20 -> R12 | E21: CO2(g)+ v -> CO2v | F21: 1 | G21: 1 | H21: 1 | J21: ='Refined params'!M20 -> 0.20517302 | K21: ='Refined params'!O20*$G$7 -> 0.69433771 | L21: ='Refined params'!P20*1000 -> -12.450275 | M21: ='Refined params'!N20*$G$7 -> 12.810323
C22: ='Original params'!C21 -> 24 | D22: ='Original params'!D21 -> R13 | E22: Co2v -> co + Ov | F22: 1 | G22: 1 | H22: 1 | I22: 1 | J22: ='Refined params'!M21 -> 2.0561467e-06 | K22: ='Refined params'!O21*$G$7 -> 115.69627 | L22: ='Refined params'!P21*1000 -> 10.058863 | M22: ='Refined params'!N21*$G$7 -> 105.90748
C23: ='Original params'!C22 -> 26 | D23: ='Original params'!D22 -> R14 | E23: co2(g) + ov -> co3v | I23: 1 | J23: ='Refined params'!M22 -> 1.171763 | K23: ='Refined params'!O22*$G$7 -> -35.981771 | L23: ='Refined params'!P22*1000 -> -35.657169 | M23: ='Refined params'!N22*$G$7 -> -1.2819973
C24: ='Original params'!C23 -> 28 | D24: ='Original params'!D23 -> R15 | E24: co3v + * -> co2v + O* | I24: 1 | J24: ='Refined params'!M23 -> 0.00016967808 | K24: ='Refined params'!O23*$G$7 -> 76.02503 | L24: ='Refined params'!P23*1000 -> 5.9699814 | M24: ='Refined params'!N23*$G$7 -> 70.215343
C25: ='Original params'!C24 -> 30 | D25: ='Original params'!D24 -> R16 | E25: H* + Ov -> OHV + * | H25: 1 | I25: 1 | J25: ='Refined params'!M24 -> 22857234 | K25: ='Refined params'!O24*$G$7 -> -89.8231 | L25: ='Refined params'!P24*1000 -> 48.52627 | M25: ='Refined params'!N24*$G$7 -> -137.04644
C26: ='Original params'!C25 -> 32 | D26: ='Original params'!D25 -> R17 | E26: OHv + H* -> H2O(g) + v + * | H26: 1 | I26: 1 | J26: ='Refined params'!M25 -> 14.207882 | K26: ='Refined params'!O25*$G$7 -> 48.77984 | L26: ='Refined params'!P25*1000 -> 72.18136 | M26: ='Refined params'!N25*$G$7 -> -21.463451
E27: Keq (net) calculated | F27: =PRODUCT(J10:J15,J15,J18:J22) -> 0.8606064 | G27: {=PRODUCT((J10:J26)^(G10:G26))} -> 7.9610928 | H27: {=PRODUCT((J10:J26)^(H10:H26))} -> 0.63773808 | I27: {=PRODUCT((J10:J26)^(I10:I26))} -> 0.20320599
E28: ∆Grxn calculated (kJ/mol) | F28: =(-1)*($G$3*$G$4*$G$7)*LN(F27) -> 1.2141286 | G28: =(-1)*($G$3*$G$4*$G$7)*LN(G27) -> -16.778734 | H28: =(-1)*($G$3*$G$4*$G$7)*LN(H27) -> 3.6381281 | I28: =(-1)*($G$3*$G$4*$G$7)*LN(I27) -> 12.888237
E29: ∆Hrxn cal;culated (kJ/mol) | F29: =SUM(K10:K15,K15,K18:K22) -> 269.42881 | G29: =SUM(K10:K13,(2*K15),K16:K17,K19:K22) -> 251.42831 | H29: =SUM((-K15),K21:K22,K25:K26) -> 26.050045 | I29: =SUM((-K15),(-K20),K22:K26) -> 44.05297
E30: ∆Srxn calculated (J/mol.K) | F30: =SUM(L10:L15,L15,L18:L22) -> 275.61495 | G30: =SUM(L10:L13,(2*L15),L16:L17,L19:L22) -> 275.6071 | H30: =SUM((-L15),L21:L22,L25:L26) -> 23.03028 | I30: =SUM((-L15),(-L20),L22:L26) -> 32.024593
E31: Error (∆Grxn) in kJ/mol | F31: =F28-($L$3) -> 17.734082 | G31: =G28-($L$3) -> -0.25878073 | H31: =H28-($L$4) -> -0.24885843 | I31: =I28-($L$4) -> 9.0012503
E32: Error (∆Hrxn) in kJ/mol | F32: =F29-($M$3) -> 8.9864007 | G32: =G29-($M$3) -> -9.0140983 | H32: =H29-($M$4) -> -9.0043624 | I32: =I29-($M$4) -> 8.9985629
E33: Error (∆Srxn) in J/mol.K | F33: =F30-($N$3) -> -8.9890365 | G33: =G30-($N$3) -> -8.9968839 | H33: =H30-($N$4) -> -8.9970754 | I33: =I30-($N$4) -> -0.0027615174
E34: Error in T∆Srxn in kJ/mol | F34: =F33*$G$4/1000 -> -8.7476809 | G34: =G33*$G$4/1000 -> -8.7553176 | H34: =H33*$G$4/1000 -> -8.755504 | I34: =I33*$G$4/1000 -> -0.0026873707
